{
  "0": 1.0889683532987664,
  "1": 1.9956094364351245,
  "2": 1.0618571079884236,
  "3": 0.6029700029700029,
  "4": 0.8762192490289167,
  "5": 0.9007098491570541,
  "6": 1.3719421543451817
}